mode,system,env,tpr,fpr,f1,volumetric_detected,flood_detected,syn_detected,lowslow_detected,volumetric_total,flood_total,syn_total,lowslow_total
strict,A_current,0,0.6857142857142857,0.048662811937064614,0.03564356435643564,0,2,1,0,0,2,1,0
strict,A_current,1,0.7075038284839203,0.02872883360935546,0.4702290076335878,0,1,0,2,2,1,0,3
strict,A_current,2,0.022727272727272728,0.015045775176346992,0.011194029850746268,1,0,0,0,1,0,0,0
strict,A_current,3,0.6213740458015267,0.01201945762304716,0.3304912708079578,0,1,2,0,0,1,2,1
strict,A_current,4,0.34067357512953367,0.03437253354380426,0.2759706190975865,3,0,1,0,3,0,1,1
strict,A_current,5,0.8607924921793535,0.04548434682838879,0.5204918032786885,1,0,1,1,1,0,1,2
strict,A_current,6,0.9361422947951596,0.018793568601394195,0.7754362659259707,1,0,2,1,1,0,2,1
strict,A_current,7,0.7934131736526946,0.031875120447099635,0.23524189968930315,0,1,0,1,0,1,0,2
strict,A_current,8,0.7071428571428572,0.01886516999740462,0.37376120811703634,1,0,0,1,1,0,0,1
strict,A_current,9,0.5265438786565547,0.01611119543769109,0.45167286245353155,1,1,2,0,1,1,2,2
strict,A_current,10,0.9852489244007375,0.025625519264354305,0.4129314786192684,1,1,1,0,1,1,1,0
strict,A_current,11,0.49056603773584906,0.039198036006546644,0.26163522012578616,0,1,1,0,1,2,1,1
strict,A_current,12,0.9433962264150944,0.039200572592633376,0.12269938650306748,1,0,0,0,1,0,0,0
strict,A_current,13,0.854149203688181,0.016449035746180396,0.7043373077587696,2,0,1,2,2,1,1,2
strict,A_current,14,0.9387755102040817,0.03231244731666198,0.6607734806629834,1,2,2,0,1,2,2,0
strict,A_current,15,0.758985200845666,0.03516327754456741,0.48612051455653355,1,2,0,1,1,2,0,1
strict,A_current,16,0.9191616766467066,0.019342020686028166,0.4712202609363008,0,1,1,0,0,1,1,0
strict,A_current,17,0.711340206185567,0.04153486908566981,0.05160807778608826,1,0,0,1,1,0,0,1
strict,A_current,18,0.9028960817717206,0.03954864882839345,0.36539124439848325,1,1,0,0,1,1,0,0
strict,A_current,19,0.7148040638606676,0.026474381521866572,0.6322884347919118,1,2,2,0,1,2,2,1
strict,A_current,20,0.9013698630136986,0.06410625584911094,0.4152729567686968,0,2,1,0,0,2,1,0
strict,A_current,21,0.7607296137339056,0.02784059892380878,0.46203975236233297,0,1,1,2,1,1,1,2
strict,A_current,22,0.8499542543458372,0.01778910033272206,0.5101592531576058,2,2,0,0,3,2,0,0
strict,A_current,23,0.8316498316498316,0.057401976756815465,0.4606060606060607,1,2,0,1,1,2,0,1
strict,A_current,24,,0.011784511784511785,,0,0,0,0,0,0,0,0
strict,B_windowmean,0,0.6857142857142857,0.048688006248189156,0.03562592775853538,0,2,1,0,0,2,1,0
strict,B_windowmean,1,0.7075038284839203,0.028931625376009733,0.4687975646879756,0,1,0,2,2,1,0,3
strict,B_windowmean,2,0.022727272727272728,0.015045775176346992,0.011194029850746268,1,0,0,0,1,0,0,0
strict,B_windowmean,3,0.9526717557251908,0.014507425296625801,0.4202020202020202,0,1,2,1,0,1,2,1
strict,B_windowmean,4,0.34067357512953367,0.034609313338595106,0.2751046025104602,3,0,1,0,3,0,1,1
strict,B_windowmean,5,0.864963503649635,0.046730044255040154,0.5161792159303049,1,0,1,2,1,0,1,2
strict,B_windowmean,6,0.9361422947951596,0.025134464804302873,0.7268508037129273,1,0,2,1,1,0,2,1
strict,B_windowmean,7,0.7934131736526946,0.031875120447099635,0.23524189968930315,0,1,0,1,0,1,0,2
strict,B_windowmean,8,0.7071428571428572,0.01886516999740462,0.37376120811703634,1,0,0,1,1,0,0,1
strict,B_windowmean,9,0.5265438786565547,0.01758570592189431,0.4378378378378378,1,1,2,0,1,1,2,2
strict,B_windowmean,10,0.9852489244007375,0.025625519264354305,0.4129314786192684,1,1,1,0,1,1,1,0
strict,B_windowmean,11,0.49056603773584906,0.039198036006546644,0.26163522012578616,0,1,1,0,1,2,1,1
strict,B_windowmean,12,0.9433962264150944,0.03953091449650388,0.1218026796589525,1,0,0,0,1,0,0,0
strict,B_windowmean,13,0.854149203688181,0.016509377036518547,0.7037292817679559,2,0,1,2,2,1,1,2
strict,B_windowmean,14,0.9387755102040817,0.03231244731666198,0.6607734806629834,1,2,2,0,1,2,2,0
strict,B_windowmean,15,0.758985200845666,0.036689745406967234,0.4770764119601329,1,2,0,1,1,2,0,1
strict,B_windowmean,16,0.9191616766467066,0.019342020686028166,0.4712202609363008,0,1,1,0,0,1,1,0
strict,B_windowmean,17,0.711340206185567,0.04153486908566981,0.05160807778608826,1,0,0,1,1,0,0,1
strict,B_windowmean,18,0.9028960817717206,0.0407457491853067,0.3587140439932318,1,1,0,0,1,1,0,0
strict,B_windowmean,19,0.7148040638606676,0.028362058858013836,0.6215818258308793,1,2,2,0,1,2,2,1
strict,B_windowmean,20,0.9013698630136986,0.06536606435821755,0.4107365792759052,0,2,1,0,0,2,1,0
strict,B_windowmean,21,0.805793991416309,0.03965530687046713,0.40408931934355663,1,1,1,2,1,1,1,2
strict,B_windowmean,22,0.8499542543458372,0.01917269702526711,0.493099787685775,2,2,0,0,3,2,0,0
strict,B_windowmean,23,0.8316498316498316,0.05919409145215597,0.45362718089990806,1,2,0,1,1,2,0,1
strict,B_windowmean,24,,0.013606711049892868,,0,0,0,0,0,0,0,0
strict,C_pca_ae,0,0.9619047619047619,0.4486225010392653,0.005639465088360925,0,2,1,0,0,2,1,0
strict,C_pca_ae,1,0.8514548238897397,0.6081725081961672,0.057907618601260216,0,1,0,3,2,1,0,3
strict,C_pca_ae,2,0.022727272727272728,0.5620966531592376,0.0003969304048690129,1,0,0,0,1,0,0,0
strict,C_pca_ae,3,1.0,0.6166642358936523,0.017898864583475657,0,1,2,1,0,1,2,1
strict,C_pca_ae,4,1.0,0.6019337016574585,0.09192117640054771,3,0,1,1,3,0,1,1
strict,C_pca_ae,5,1.0,0.3852155384363219,0.14031750676713733,1,0,1,2,1,0,1,2
strict,C_pca_ae,6,1.0,0.511390128364484,0.13318834529161044,1,0,2,1,1,0,2,1
strict,C_pca_ae,7,0.8473053892215568,0.6054538446714203,0.017668726977586317,0,1,0,2,0,1,0,2
strict,C_pca_ae,8,0.7357142857142858,0.43294186348300023,0.02978815703853662,1,0,0,1,1,0,0,1
strict,C_pca_ae,9,0.6023835319609967,0.5967430665481276,0.0383461498672368,1,1,2,1,1,1,2,2
strict,C_pca_ae,10,0.9950829748002459,0.5613932957673243,0.03156714599073848,1,1,1,0,1,1,1,0
strict,C_pca_ae,11,0.5817610062893082,0.6536415711947627,0.029637343052245833,0,2,1,1,1,2,1,1
strict,C_pca_ae,12,1.0,0.4037053350217475,0.01425018484909592,1,0,0,0,1,0,0,0
strict,C_pca_ae,13,0.9522212908633697,0.6257753855808452,0.08040912388738476,2,0,1,2,2,1,1,2
strict,C_pca_ae,14,0.957613814756672,0.5753488807717524,0.10622242860459717,1,2,2,0,1,2,2,0
strict,C_pca_ae,15,0.8076109936575053,0.5112031837758273,0.0746677091477717,1,2,0,1,1,2,0,1
strict,C_pca_ae,16,0.9281437125748503,0.5520072459533688,0.031734657316885906,0,1,1,0,0,1,1,0
strict,C_pca_ae,17,1.0,0.5568289087988341,0.005736759617943637,1,0,0,1,1,0,0,1
strict,C_pca_ae,18,1.0,0.5057970693209781,0.04893705710712797,1,1,0,0,1,1,0,0
strict,C_pca_ae,19,0.9825834542815675,0.4723531480830109,0.16756388837324424,1,2,2,1,1,2,2,1
strict,C_pca_ae,20,0.9547945205479452,0.5149737239939529,0.0885979407652218,0,2,1,0,0,2,1,0
strict,C_pca_ae,21,0.9967811158798283,0.5506316774545739,0.06171937284081851,1,1,1,2,1,1,1,2
strict,C_pca_ae,22,0.9048490393412626,0.5571392491242712,0.037448645373823815,2,2,0,0,3,2,0,0
strict,C_pca_ae,23,0.9528619528619529,0.36369067014228307,0.14407534682448775,1,2,0,1,1,2,0,1
strict,C_pca_ae,24,,0.57260101010101,,0,0,0,0,0,0,0,0
